-- ============================================================
-- Nearo Seed Data — 10 records per table
-- ============================================================

-- ============================================================
-- 1. AUTH USERS (triggers handle_new_user -> creates public.users)
-- ============================================================
INSERT INTO auth.users (
  id, instance_id, aud, role, phone, encrypted_password,
  phone_confirmed_at, raw_app_meta_data, raw_user_meta_data,
  created_at, updated_at, confirmation_token, recovery_token, email_change_token_new
) VALUES
  ('a0000000-0000-0000-0000-000000000001', '00000000-0000-0000-0000-000000000000', 'authenticated', 'authenticated', '+84901000001', '', now(), '{"provider":"phone","providers":["phone"]}', '{"name":"Nguyen Van Minh"}', now(), now(), '', '', ''),
  ('a0000000-0000-0000-0000-000000000002', '00000000-0000-0000-0000-000000000000', 'authenticated', 'authenticated', '+84901000002', '', now(), '{"provider":"phone","providers":["phone"]}', '{"name":"Tran Thi Lan"}', now(), now(), '', '', ''),
  ('a0000000-0000-0000-0000-000000000003', '00000000-0000-0000-0000-000000000000', 'authenticated', 'authenticated', '+84901000003', '', now(), '{"provider":"phone","providers":["phone"]}', '{"name":"John Smith"}', now(), now(), '', '', ''),
  ('a0000000-0000-0000-0000-000000000004', '00000000-0000-0000-0000-000000000000', 'authenticated', 'authenticated', '+84901000004', '', now(), '{"provider":"phone","providers":["phone"]}', '{"name":"Le Hoang Nam"}', now(), now(), '', '', ''),
  ('a0000000-0000-0000-0000-000000000005', '00000000-0000-0000-0000-000000000000', 'authenticated', 'authenticated', '+84901000005', '', now(), '{"provider":"phone","providers":["phone"]}', '{"name":"Sarah Johnson"}', now(), now(), '', '', ''),
  ('a0000000-0000-0000-0000-000000000006', '00000000-0000-0000-0000-000000000000', 'authenticated', 'authenticated', '+84901000006', '', now(), '{"provider":"phone","providers":["phone"]}', '{"name":"Pham Duc Anh"}', now(), now(), '', '', ''),
  ('a0000000-0000-0000-0000-000000000007', '00000000-0000-0000-0000-000000000000', 'authenticated', 'authenticated', '+84901000007', '', now(), '{"provider":"phone","providers":["phone"]}', '{"name":"Vo Thi Mai"}', now(), now(), '', '', ''),
  ('a0000000-0000-0000-0000-000000000008', '00000000-0000-0000-0000-000000000000', 'authenticated', 'authenticated', '+84901000008', '', now(), '{"provider":"phone","providers":["phone"]}', '{"name":"David Lee"}', now(), now(), '', '', ''),
  ('a0000000-0000-0000-0000-000000000009', '00000000-0000-0000-0000-000000000000', 'authenticated', 'authenticated', '+84901000009', '', now(), '{"provider":"phone","providers":["phone"]}', '{"name":"Hoang Minh Tuan"}', now(), now(), '', '', ''),
  ('a0000000-0000-0000-0000-000000000010', '00000000-0000-0000-0000-000000000000', 'authenticated', 'authenticated', '+84901000010', '', now(), '{"provider":"phone","providers":["phone"]}', '{"name":"Emily Chen"}', now(), now(), '', '', '');

-- ============================================================
-- 2. UPDATE PUBLIC USERS (add avatars, language)
-- ============================================================
UPDATE public.users SET
  name = 'Nguyen Van Minh',
  avatar_url = 'https://ui-avatars.com/api/?name=Nguyen+Van+Minh&background=0D8ABC&color=fff&size=200',
  language = 'vi'
WHERE id = 'a0000000-0000-0000-0000-000000000001';

UPDATE public.users SET
  name = 'Tran Thi Lan',
  avatar_url = 'https://ui-avatars.com/api/?name=Tran+Thi+Lan&background=E91E63&color=fff&size=200',
  language = 'vi'
WHERE id = 'a0000000-0000-0000-0000-000000000002';

UPDATE public.users SET
  name = 'John Smith',
  avatar_url = 'https://ui-avatars.com/api/?name=John+Smith&background=4CAF50&color=fff&size=200',
  language = 'en'
WHERE id = 'a0000000-0000-0000-0000-000000000003';

UPDATE public.users SET
  name = 'Le Hoang Nam',
  avatar_url = 'https://ui-avatars.com/api/?name=Le+Hoang+Nam&background=FF9800&color=fff&size=200',
  language = 'vi'
WHERE id = 'a0000000-0000-0000-0000-000000000004';

UPDATE public.users SET
  name = 'Sarah Johnson',
  avatar_url = 'https://ui-avatars.com/api/?name=Sarah+Johnson&background=9C27B0&color=fff&size=200',
  language = 'en'
WHERE id = 'a0000000-0000-0000-0000-000000000005';

UPDATE public.users SET
  name = 'Pham Duc Anh',
  avatar_url = 'https://ui-avatars.com/api/?name=Pham+Duc+Anh&background=3F51B5&color=fff&size=200',
  language = 'vi'
WHERE id = 'a0000000-0000-0000-0000-000000000006';

UPDATE public.users SET
  name = 'Vo Thi Mai',
  avatar_url = 'https://ui-avatars.com/api/?name=Vo+Thi+Mai&background=00BCD4&color=fff&size=200',
  language = 'vi'
WHERE id = 'a0000000-0000-0000-0000-000000000007';

UPDATE public.users SET
  name = 'David Lee',
  avatar_url = 'https://ui-avatars.com/api/?name=David+Lee&background=795548&color=fff&size=200',
  language = 'en'
WHERE id = 'a0000000-0000-0000-0000-000000000008';

UPDATE public.users SET
  name = 'Hoang Minh Tuan',
  avatar_url = 'https://ui-avatars.com/api/?name=Hoang+Minh+Tuan&background=607D8B&color=fff&size=200',
  language = 'vi'
WHERE id = 'a0000000-0000-0000-0000-000000000009';

UPDATE public.users SET
  name = 'Emily Chen',
  avatar_url = 'https://ui-avatars.com/api/?name=Emily+Chen&background=F44336&color=fff&size=200',
  language = 'en'
WHERE id = 'a0000000-0000-0000-0000-000000000010';

-- ============================================================
-- 3. LISTINGS (10 items, various categories)
-- ============================================================
INSERT INTO listings (id, owner_id, title, description, price, category, condition, negotiable, location_lat, location_lng, location_name, is_featured, featured_until, status) VALUES
  ('b0000000-0000-0000-0000-000000000001', 'a0000000-0000-0000-0000-000000000001', 'iPhone 15 Pro Max 256GB', 'Like new iPhone 15 Pro Max, Natural Titanium. Includes original box, charger, and case. Battery health 98%.', 25000000.00, 'electronics', 'used', true, 10.7769, 106.7009, 'District 1, Ho Chi Minh City', true, now() + interval '30 days', 'active'),
  ('b0000000-0000-0000-0000-000000000002', 'a0000000-0000-0000-0000-000000000002', 'Xe Honda Wave Alpha 2023', 'Honda Wave Alpha 110cc, only 5000km driven. Original paint, no accidents. Full service history.', 18500000.00, 'vehicles', 'used', true, 10.8231, 106.6297, 'Tan Binh, Ho Chi Minh City', false, NULL, 'active'),
  ('b0000000-0000-0000-0000-000000000003', 'a0000000-0000-0000-0000-000000000003', 'MacBook Air M2 2022', 'MacBook Air M2, 8GB RAM, 256GB SSD. Midnight color. Perfect for students and professionals.', 22000000.00, 'electronics', 'used', false, 10.7626, 106.6602, 'District 3, Ho Chi Minh City', false, NULL, 'active'),
  ('b0000000-0000-0000-0000-000000000004', 'a0000000-0000-0000-0000-000000000004', 'Sofa 3-seater Italian Leather', 'Brand new genuine Italian leather sofa. Dark brown color. Free delivery within HCMC.', 15000000.00, 'furniture', 'new', true, 10.8019, 106.7145, 'Binh Thanh, Ho Chi Minh City', true, now() + interval '15 days', 'active'),
  ('b0000000-0000-0000-0000-000000000005', 'a0000000-0000-0000-0000-000000000005', 'Nike Air Jordan 1 Retro High', 'Brand new Nike Air Jordan 1 Retro High OG. Size 42 EU. Original receipt included.', 4500000.00, 'fashion', 'new', false, 10.7867, 106.6950, 'District 1, Ho Chi Minh City', false, NULL, 'active'),
  ('b0000000-0000-0000-0000-000000000006', 'a0000000-0000-0000-0000-000000000006', 'Samsung Galaxy S24 Ultra', 'Samsung Galaxy S24 Ultra 512GB. Titanium Gray. Bought 2 months ago. Screen protector since day 1.', 28000000.00, 'electronics', 'used', true, 10.8480, 106.6438, 'Go Vap, Ho Chi Minh City', false, NULL, 'active'),
  ('b0000000-0000-0000-0000-000000000007', 'a0000000-0000-0000-0000-000000000007', 'Yamaha YZF-R15 V4 2024', 'Yamaha R15 V4, Racing Blue color. Only 2000km. Perfect condition, garage kept.', 72000000.00, 'vehicles', 'used', true, 10.7521, 106.6824, 'District 5, Ho Chi Minh City', false, NULL, 'active'),
  ('b0000000-0000-0000-0000-000000000008', 'a0000000-0000-0000-0000-000000000008', 'IKEA Desk and Chair Set', 'Complete home office setup. BEKANT desk (160x80cm) + MARKUS office chair. Barely used.', 6500000.00, 'furniture', 'used', false, 10.7944, 106.7220, 'District 2, Ho Chi Minh City', false, NULL, 'active'),
  ('b0000000-0000-0000-0000-000000000009', 'a0000000-0000-0000-0000-000000000009', 'Gym Equipment Full Set', 'Complete home gym: adjustable dumbbells (2-24kg), bench press, pull-up bar, yoga mat.', 8500000.00, 'sports', 'used', true, 10.8103, 106.7091, 'Phu Nhuan, Ho Chi Minh City', false, NULL, 'active'),
  ('b0000000-0000-0000-0000-000000000010', 'a0000000-0000-0000-0000-000000000010', 'Canon EOS R6 Mark II Body', 'Canon EOS R6 Mark II mirrorless camera body. Shutter count under 5000. Includes extra battery.', 45000000.00, 'electronics', 'used', true, 10.7731, 106.7000, 'District 1, Ho Chi Minh City', false, NULL, 'active');

-- ============================================================
-- 4. LISTING IMAGES (1 per listing)
-- ============================================================
INSERT INTO listing_images (id, listing_id, url, position) VALUES
  ('c0000000-0000-0000-0000-000000000001', 'b0000000-0000-0000-0000-000000000001', 'https://picsum.photos/seed/iphone15/600/400', 0),
  ('c0000000-0000-0000-0000-000000000002', 'b0000000-0000-0000-0000-000000000002', 'https://picsum.photos/seed/hondawave/600/400', 0),
  ('c0000000-0000-0000-0000-000000000003', 'b0000000-0000-0000-0000-000000000003', 'https://picsum.photos/seed/macbookair/600/400', 0),
  ('c0000000-0000-0000-0000-000000000004', 'b0000000-0000-0000-0000-000000000004', 'https://picsum.photos/seed/sofa3seat/600/400', 0),
  ('c0000000-0000-0000-0000-000000000005', 'b0000000-0000-0000-0000-000000000005', 'https://picsum.photos/seed/airjordan/600/400', 0),
  ('c0000000-0000-0000-0000-000000000006', 'b0000000-0000-0000-0000-000000000006', 'https://picsum.photos/seed/galaxys24/600/400', 0),
  ('c0000000-0000-0000-0000-000000000007', 'b0000000-0000-0000-0000-000000000007', 'https://picsum.photos/seed/yamahar15/600/400', 0),
  ('c0000000-0000-0000-0000-000000000008', 'b0000000-0000-0000-0000-000000000008', 'https://picsum.photos/seed/ikeadesk/600/400', 0),
  ('c0000000-0000-0000-0000-000000000009', 'b0000000-0000-0000-0000-000000000009', 'https://picsum.photos/seed/gymequip/600/400', 0),
  ('c0000000-0000-0000-0000-000000000010', 'b0000000-0000-0000-0000-000000000010', 'https://picsum.photos/seed/canonr6/600/400', 0);

-- ============================================================
-- 5. CHATS (10 conversations)
-- ============================================================
INSERT INTO chats (id, buyer_id, seller_id, listing_id) VALUES
  ('d0000000-0000-0000-0000-000000000001', 'a0000000-0000-0000-0000-000000000003', 'a0000000-0000-0000-0000-000000000001', 'b0000000-0000-0000-0000-000000000001'),
  ('d0000000-0000-0000-0000-000000000002', 'a0000000-0000-0000-0000-000000000005', 'a0000000-0000-0000-0000-000000000002', 'b0000000-0000-0000-0000-000000000002'),
  ('d0000000-0000-0000-0000-000000000003', 'a0000000-0000-0000-0000-000000000004', 'a0000000-0000-0000-0000-000000000003', 'b0000000-0000-0000-0000-000000000003'),
  ('d0000000-0000-0000-0000-000000000004', 'a0000000-0000-0000-0000-000000000002', 'a0000000-0000-0000-0000-000000000004', 'b0000000-0000-0000-0000-000000000004'),
  ('d0000000-0000-0000-0000-000000000005', 'a0000000-0000-0000-0000-000000000006', 'a0000000-0000-0000-0000-000000000005', 'b0000000-0000-0000-0000-000000000005'),
  ('d0000000-0000-0000-0000-000000000006', 'a0000000-0000-0000-0000-000000000008', 'a0000000-0000-0000-0000-000000000006', 'b0000000-0000-0000-0000-000000000006'),
  ('d0000000-0000-0000-0000-000000000007', 'a0000000-0000-0000-0000-000000000009', 'a0000000-0000-0000-0000-000000000007', 'b0000000-0000-0000-0000-000000000007'),
  ('d0000000-0000-0000-0000-000000000008', 'a0000000-0000-0000-0000-000000000010', 'a0000000-0000-0000-0000-000000000008', 'b0000000-0000-0000-0000-000000000008'),
  ('d0000000-0000-0000-0000-000000000009', 'a0000000-0000-0000-0000-000000000001', 'a0000000-0000-0000-0000-000000000009', 'b0000000-0000-0000-0000-000000000009'),
  ('d0000000-0000-0000-0000-000000000010', 'a0000000-0000-0000-0000-000000000007', 'a0000000-0000-0000-0000-000000000010', 'b0000000-0000-0000-0000-000000000010');

-- ============================================================
-- 6. MESSAGES (10 messages across chats)
-- ============================================================
INSERT INTO messages (id, chat_id, sender_id, content, created_at) VALUES
  ('e0000000-0000-0000-0000-000000000001', 'd0000000-0000-0000-0000-000000000001', 'a0000000-0000-0000-0000-000000000003', 'Hi, is the iPhone still available?', now() - interval '5 days'),
  ('e0000000-0000-0000-0000-000000000002', 'd0000000-0000-0000-0000-000000000001', 'a0000000-0000-0000-0000-000000000001', 'Yes it is! Would you like to see it in person?', now() - interval '5 days' + interval '30 minutes'),
  ('e0000000-0000-0000-0000-000000000003', 'd0000000-0000-0000-0000-000000000002', 'a0000000-0000-0000-0000-000000000005', 'Can you do 17 million for the Honda Wave?', now() - interval '4 days'),
  ('e0000000-0000-0000-0000-000000000004', 'd0000000-0000-0000-0000-000000000003', 'a0000000-0000-0000-0000-000000000004', 'What is the battery cycle count on the MacBook?', now() - interval '3 days'),
  ('e0000000-0000-0000-0000-000000000005', 'd0000000-0000-0000-0000-000000000004', 'a0000000-0000-0000-0000-000000000002', 'Em muon xem sofa truoc khi mua duoc khong?', now() - interval '3 days'),
  ('e0000000-0000-0000-0000-000000000006', 'd0000000-0000-0000-0000-000000000005', 'a0000000-0000-0000-0000-000000000006', 'Do you have size 43 as well?', now() - interval '2 days'),
  ('e0000000-0000-0000-0000-000000000007', 'd0000000-0000-0000-0000-000000000006', 'a0000000-0000-0000-0000-000000000008', 'Is the Galaxy still under Samsung warranty?', now() - interval '2 days'),
  ('e0000000-0000-0000-0000-000000000008', 'd0000000-0000-0000-0000-000000000007', 'a0000000-0000-0000-0000-000000000009', 'Anh co the giam gia cho Yamaha R15 khong?', now() - interval '1 day'),
  ('e0000000-0000-0000-0000-000000000009', 'd0000000-0000-0000-0000-000000000008', 'a0000000-0000-0000-0000-000000000010', 'Can I pick up the desk set this weekend?', now() - interval '1 day'),
  ('e0000000-0000-0000-0000-000000000010', 'd0000000-0000-0000-0000-000000000009', 'a0000000-0000-0000-0000-000000000001', 'Co the giao hang tan noi khong?', now() - interval '12 hours');

-- ============================================================
-- 7. MESSAGE IMAGES (10)
-- ============================================================
INSERT INTO message_images (id, message_id, url) VALUES
  ('f0000000-0000-0000-0000-000000000001', 'e0000000-0000-0000-0000-000000000001', 'https://picsum.photos/seed/msg1/400/300'),
  ('f0000000-0000-0000-0000-000000000002', 'e0000000-0000-0000-0000-000000000002', 'https://picsum.photos/seed/msg2/400/300'),
  ('f0000000-0000-0000-0000-000000000003', 'e0000000-0000-0000-0000-000000000003', 'https://picsum.photos/seed/msg3/400/300'),
  ('f0000000-0000-0000-0000-000000000004', 'e0000000-0000-0000-0000-000000000004', 'https://picsum.photos/seed/msg4/400/300'),
  ('f0000000-0000-0000-0000-000000000005', 'e0000000-0000-0000-0000-000000000005', 'https://picsum.photos/seed/msg5/400/300'),
  ('f0000000-0000-0000-0000-000000000006', 'e0000000-0000-0000-0000-000000000006', 'https://picsum.photos/seed/msg6/400/300'),
  ('f0000000-0000-0000-0000-000000000007', 'e0000000-0000-0000-0000-000000000007', 'https://picsum.photos/seed/msg7/400/300'),
  ('f0000000-0000-0000-0000-000000000008', 'e0000000-0000-0000-0000-000000000008', 'https://picsum.photos/seed/msg8/400/300'),
  ('f0000000-0000-0000-0000-000000000009', 'e0000000-0000-0000-0000-000000000009', 'https://picsum.photos/seed/msg9/400/300'),
  ('f0000000-0000-0000-0000-000000000010', 'e0000000-0000-0000-0000-000000000010', 'https://picsum.photos/seed/msg10/400/300');

-- ============================================================
-- 8. FAVORITES (10 user-listing pairs)
-- ============================================================
INSERT INTO favorites (id, user_id, listing_id) VALUES
  ('10000000-0000-0000-0000-000000000001', 'a0000000-0000-0000-0000-000000000003', 'b0000000-0000-0000-0000-000000000001'),
  ('10000000-0000-0000-0000-000000000002', 'a0000000-0000-0000-0000-000000000003', 'b0000000-0000-0000-0000-000000000006'),
  ('10000000-0000-0000-0000-000000000003', 'a0000000-0000-0000-0000-000000000005', 'b0000000-0000-0000-0000-000000000002'),
  ('10000000-0000-0000-0000-000000000004', 'a0000000-0000-0000-0000-000000000005', 'b0000000-0000-0000-0000-000000000004'),
  ('10000000-0000-0000-0000-000000000005', 'a0000000-0000-0000-0000-000000000001', 'b0000000-0000-0000-0000-000000000003'),
  ('10000000-0000-0000-0000-000000000006', 'a0000000-0000-0000-0000-000000000002', 'b0000000-0000-0000-0000-000000000005'),
  ('10000000-0000-0000-0000-000000000007', 'a0000000-0000-0000-0000-000000000004', 'b0000000-0000-0000-0000-000000000007'),
  ('10000000-0000-0000-0000-000000000008', 'a0000000-0000-0000-0000-000000000008', 'b0000000-0000-0000-0000-000000000009'),
  ('10000000-0000-0000-0000-000000000009', 'a0000000-0000-0000-0000-000000000010', 'b0000000-0000-0000-0000-000000000001'),
  ('10000000-0000-0000-0000-000000000010', 'a0000000-0000-0000-0000-000000000009', 'b0000000-0000-0000-0000-000000000010');

-- ============================================================
-- 9. RATINGS (10 — triggers auto-update users.rating_average/count)
-- ============================================================
INSERT INTO ratings (id, rater_id, rated_user_id, chat_id, value) VALUES
  ('20000000-0000-0000-0000-000000000001', 'a0000000-0000-0000-0000-000000000003', 'a0000000-0000-0000-0000-000000000001', 'd0000000-0000-0000-0000-000000000001', 5),
  ('20000000-0000-0000-0000-000000000002', 'a0000000-0000-0000-0000-000000000005', 'a0000000-0000-0000-0000-000000000002', 'd0000000-0000-0000-0000-000000000002', 4),
  ('20000000-0000-0000-0000-000000000003', 'a0000000-0000-0000-0000-000000000004', 'a0000000-0000-0000-0000-000000000003', 'd0000000-0000-0000-0000-000000000003', 5),
  ('20000000-0000-0000-0000-000000000004', 'a0000000-0000-0000-0000-000000000002', 'a0000000-0000-0000-0000-000000000004', 'd0000000-0000-0000-0000-000000000004', 3),
  ('20000000-0000-0000-0000-000000000005', 'a0000000-0000-0000-0000-000000000006', 'a0000000-0000-0000-0000-000000000005', 'd0000000-0000-0000-0000-000000000005', 4),
  ('20000000-0000-0000-0000-000000000006', 'a0000000-0000-0000-0000-000000000008', 'a0000000-0000-0000-0000-000000000006', 'd0000000-0000-0000-0000-000000000006', 2),
  ('20000000-0000-0000-0000-000000000007', 'a0000000-0000-0000-0000-000000000009', 'a0000000-0000-0000-0000-000000000007', 'd0000000-0000-0000-0000-000000000007', 5),
  ('20000000-0000-0000-0000-000000000008', 'a0000000-0000-0000-0000-000000000010', 'a0000000-0000-0000-0000-000000000008', 'd0000000-0000-0000-0000-000000000008', 4),
  ('20000000-0000-0000-0000-000000000009', 'a0000000-0000-0000-0000-000000000001', 'a0000000-0000-0000-0000-000000000009', 'd0000000-0000-0000-0000-000000000009', 3),
  ('20000000-0000-0000-0000-000000000010', 'a0000000-0000-0000-0000-000000000007', 'a0000000-0000-0000-0000-000000000010', 'd0000000-0000-0000-0000-000000000010', 5);

-- ============================================================
-- 10. REPORTS (10)
-- ============================================================
INSERT INTO reports (id, reporter_id, listing_id, reported_user_id, reason) VALUES
  ('30000000-0000-0000-0000-000000000001', 'a0000000-0000-0000-0000-000000000003', 'b0000000-0000-0000-0000-000000000006', 'a0000000-0000-0000-0000-000000000006', 'spam'),
  ('30000000-0000-0000-0000-000000000002', 'a0000000-0000-0000-0000-000000000005', NULL, 'a0000000-0000-0000-0000-000000000009', 'scam'),
  ('30000000-0000-0000-0000-000000000003', 'a0000000-0000-0000-0000-000000000001', 'b0000000-0000-0000-0000-000000000007', NULL, 'illegal'),
  ('30000000-0000-0000-0000-000000000004', 'a0000000-0000-0000-0000-000000000002', 'b0000000-0000-0000-0000-000000000010', 'a0000000-0000-0000-0000-000000000010', 'other'),
  ('30000000-0000-0000-0000-000000000005', 'a0000000-0000-0000-0000-000000000004', 'b0000000-0000-0000-0000-000000000005', 'a0000000-0000-0000-0000-000000000005', 'spam'),
  ('30000000-0000-0000-0000-000000000006', 'a0000000-0000-0000-0000-000000000006', NULL, 'a0000000-0000-0000-0000-000000000008', 'scam'),
  ('30000000-0000-0000-0000-000000000007', 'a0000000-0000-0000-0000-000000000007', 'b0000000-0000-0000-0000-000000000003', NULL, 'other'),
  ('30000000-0000-0000-0000-000000000008', 'a0000000-0000-0000-0000-000000000008', 'b0000000-0000-0000-0000-000000000002', 'a0000000-0000-0000-0000-000000000002', 'spam'),
  ('30000000-0000-0000-0000-000000000009', 'a0000000-0000-0000-0000-000000000009', 'b0000000-0000-0000-0000-000000000004', NULL, 'illegal'),
  ('30000000-0000-0000-0000-000000000010', 'a0000000-0000-0000-0000-000000000010', NULL, 'a0000000-0000-0000-0000-000000000001', 'other');

-- ============================================================
-- 11. NOTIFICATIONS (10)
-- ============================================================
INSERT INTO notifications (id, user_id, type, reference_id, read, created_at) VALUES
  ('40000000-0000-0000-0000-000000000001', 'a0000000-0000-0000-0000-000000000001', 'new_message', 'e0000000-0000-0000-0000-000000000001', false, now() - interval '5 days'),
  ('40000000-0000-0000-0000-000000000002', 'a0000000-0000-0000-0000-000000000002', 'new_message', 'e0000000-0000-0000-0000-000000000005', true, now() - interval '3 days'),
  ('40000000-0000-0000-0000-000000000003', 'a0000000-0000-0000-0000-000000000003', 'rating_received', '20000000-0000-0000-0000-000000000003', false, now() - interval '2 days'),
  ('40000000-0000-0000-0000-000000000004', 'a0000000-0000-0000-0000-000000000004', 'listing_update', 'b0000000-0000-0000-0000-000000000004', true, now() - interval '4 days'),
  ('40000000-0000-0000-0000-000000000005', 'a0000000-0000-0000-0000-000000000005', 'new_message', 'e0000000-0000-0000-0000-000000000006', false, now() - interval '2 days'),
  ('40000000-0000-0000-0000-000000000006', 'a0000000-0000-0000-0000-000000000006', 'rating_received', '20000000-0000-0000-0000-000000000006', true, now() - interval '1 day'),
  ('40000000-0000-0000-0000-000000000007', 'a0000000-0000-0000-0000-000000000007', 'new_message', 'e0000000-0000-0000-0000-000000000008', false, now() - interval '1 day'),
  ('40000000-0000-0000-0000-000000000008', 'a0000000-0000-0000-0000-000000000008', 'listing_update', 'b0000000-0000-0000-0000-000000000008', false, now() - interval '12 hours'),
  ('40000000-0000-0000-0000-000000000009', 'a0000000-0000-0000-0000-000000000009', 'rating_received', '20000000-0000-0000-0000-000000000009', true, now() - interval '6 hours'),
  ('40000000-0000-0000-0000-000000000010', 'a0000000-0000-0000-0000-000000000010', 'new_message', 'e0000000-0000-0000-0000-000000000009', false, now() - interval '1 hour');
